Kingdom,Phylum,Class,Order,Family,Genus,Species,OTU
,,,,,,,OTU_Asteria_rubens
,,,,,,,OTU_Celleporella_hyalina
Phytoplankton,Bacillariophyta,Bacillariophyceae,Bacillariales,Bacillariaceae,Cylindrotheca,Cylindrotheca fusiformis,OTU_Ceratoneis
,,,,,,,OTU_Chaetoceros
,,,,,,,OTU_Chaetognatha
,,,,,,,OTU_Dictyocha_speculum
,,,,,,,OTU_Ditylum_brightwellii
,,,,,,,OTU_Doto_coronata
epiphyte,Unknown,Phaeophyceae,Ectocarpales,Ectocarpaceae,Ectocarpus,Ectocarpus subulatus,OTU_Ectocarpus_subulatus
,,,,,,,OTU_Electra_pilosa
,,,,,,,OTU_Guinardia
,,,,,,,OTU_Hemiaulus_sinensis
,,,,,,,OTU_Heterocapsa
Phytoplankton,Unknown,Dinophyceae,Peridiniales,Heterocapsaceae,Heterocapsa,Heterocapsa rotundata,OTU_Heterocapsa_rotundata
Phytoplankton,Unknown,Dinophyceae,Peridiniales,Heterocapsaceae,Heterocapsa,Heterocapsa triquetra,OTU_Heterocapsa_triquetra
,,,,,,,OTU_Jassa_herdmani
,,,,,,,OTU_Lacuna_vincta
,,,,,,,OTU_Lithodesmium
Metazoa,Bryozoa,Gymnolaemata,Cheilostomatida,Membraniporidae,Membranipora,Membranipora membranacea,OTU_Membranipora_membranacea
,,,,,,,OTU_Minutocellus_polymorphus
,,,,,,,OTU_Mitrella_moleculina
,,,,,,,OTU_Mytilidae
,,,,,,,OTU_Obelia
,,,,,,,OTU_Obelia_bidentata
,,,,,,,OTU_Obelia_dichotoma
,,,,,,,OTU_Ophiura
,,,,,,,OTU_Pleurosigma_spp
Phytoplankton,Bacillariophyta,Bacillariophyceae,Bacillariales,Bacillariaceae,Pseudo-nitzschia,Pseudo-nitzschia micropora,OTU_Pseudonitzschia_micropora
Phytoplankton,Bacillariophyta,Coscinodiscophyceae,Rhizosoleniales,Rhizosoleniaceae,Rhizosolenia,Rhizosolenia setigera,OTU_Rhizosolenia_setigera
,,,,,,,OTU_Rissoa_guernei
Phytoplankton,Unknown,Dinophyceae,Peridiniales,Peridiniaceae,Scrippsiella,Scrippsiella precaria,OTU_Scrippsiella_precaria
,,,,,,,OTU_Skeletonema_spp
,,,,,,,OTU_Thalassionema_nitzschioides
,,,,,,,OTU_Thalassiosira_rotula
,,,,,,,OTU_Total_Amphipoda
,,,,,,,OTU_Total_Annelida
,,,,,,,OTU_Total_Balanoida
,,,,,,,OTU_Total_Bivalvia
,,,,,,,OTU_Total_Copepoda
,,,,,,,OTU_Total_Gastropoda
,,,,,,,OTU_Total_Hydrozoa
,,,,,,,OUT_Sarsia_tubulosa
,,,,,,,Total_Brachiopoda_OTU
Phytoplankton,Bacillariophyta,Bacillariophyceae,Naviculales,Pleurosigmataceae,Pleurosigma,Pleurosigma inscriptura,Pleurosigma inscriptura
Phytoplankton,Bacillariophyta,Bacillariophyceae,Naviculales,Naviculaceae,Amicula,Amicula sp. isolate GU52X-4 cfCalB7,Amicula sp. isolate GU52X-4 cfCalB7
Phytoplankton,Bacillariophyta,Mediophyceae,Triceratiales,Plagiogrammaceae,Dimeregramma,Dimeregramma acutum,Dimeregramma acutum
Phytoplankton,Bacillariophyta,Mediophyceae,Cymatosirales,Cymatosiraceae,Minutocellus,Minutocellus polymorphus,Minutocellus polymorphus
Phytoplankton,Bacillariophyta,Mediophyceae,Cymatosirales,Cymatosiraceae,Minutocellus,Minutocellus polymorphus,Minutocellus polymorphus
Phytoplankton,Bacillariophyta,Mediophyceae,Hemiaulales,Hemiaulaceae,Hemiaulus,Hemiaulus sinensis,Hemiaulus sinensis
Phytoplankton,Bacillariophyta,Mediophyceae,Triceratiales,Plagiogrammaceae,Dimeregramma,Dimeregramma acutum,Dimeregramma acutum
Phytoplankton,Bacillariophyta,Mediophyceae,Lithodesmiales,Lithodesmiaceae,Ditylum,Ditylum brightwellii,Ditylum brightwellii
Phytoplankton,Bacillariophyta,Mediophyceae,Lithodesmiales,Lithodesmiaceae,Ditylum,Ditylum brightwellii,Ditylum brightwellii
Phytoplankton,Bacillariophyta,Mediophyceae,Cymatosirales,Cymatosiraceae,Minutocellus,Minutocellus polymorphus,Minutocellus polymorphus
Phytoplankton,Bacillariophyta,Mediophyceae,Cymatosirales,Cymatosiraceae,Minutocellus,Minutocellus polymorphus,Minutocellus polymorphus
Phytoplankton,Bacillariophyta,Mediophyceae,Lithodesmiales,Lithodesmiaceae,Lithodesmium,Lithodesmium intricatum,Lithodesmium intricatum
Phytoplankton,Bacillariophyta,Bacillariophyceae,Naviculales,Pinnulariaceae,Pinnularia,Pinnularia subanglica,Pinnularia subanglica
Phytoplankton,Bacillariophyta,Mediophyceae,Cymatosirales,Cymatosiraceae,Minutocellus,Minutocellus polymorphus,Minutocellus polymorphus
Phytoplankton,Bacillariophyta,Mediophyceae,Lithodesmiales,Lithodesmiaceae,Lithodesmium,Lithodesmium intricatum,Lithodesmium intricatum
Phytoplankton,Bacillariophyta,Mediophyceae,Cymatosirales,Cymatosiraceae,Minutocellus,Minutocellus polymorphus,Minutocellus polymorphus
Phytoplankton,Bacillariophyta,Mediophyceae,Lithodesmiales,Lithodesmiaceae,Lithodesmium,Lithodesmium undulatum,Lithodesmium undulatum
Phytoplankton,Bacillariophyta,Mediophyceae,Hemiaulales,Hemiaulaceae,Hemiaulus,Hemiaulus sinensis,Hemiaulus sinensis
Phytoplankton,Bacillariophyta,Mediophyceae,Lithodesmiales,Lithodesmiaceae,Lithodesmium,Lithodesmium intricatum,Lithodesmium intricatum
Phytoplankton,Bacillariophyta,Mediophyceae,Lithodesmiales,Lithodesmiaceae,Lithodesmium,Lithodesmium undulatum,Lithodesmium undulatum
Phytoplankton,Bacillariophyta,Mediophyceae,Hemiaulales,Hemiaulaceae,Hemiaulus,Hemiaulus sinensis,Hemiaulus sinensis
Phytoplankton,Bacillariophyta,Mediophyceae,Cymatosirales,Cymatosiraceae,Minutocellus,Minutocellus polymorphus,Minutocellus polymorphus
Phytoplankton,Bacillariophyta,Mediophyceae,Lithodesmiales,Lithodesmiaceae,Ditylum,Ditylum brightwellii,Ditylum brightwellii
Phytoplankton,Bacillariophyta,Bacillariophyceae,Cymbellales,Gomphonemataceae,Gomphonema,Gomphonema parvulum,Gomphonema parvulum
Phytoplankton,Haptophyta,Unknown,Isochrysidales,Noelaerhabdaceae,Emiliania,Emiliania huxleyi,Emiliania huxleyi
Phytoplankton,Haptophyta,Unknown,Isochrysidales,Noelaerhabdaceae,Emiliania,Emiliania huxleyi,Emiliania huxleyi
Phytoplankton,Haptophyta,Unknown,Prymnesiales,Chrysochromulinaceae,Chrysochromulina,Chrysochromulina tobinii,Chrysochromulina tobinii
Phytoplankton,Haptophyta,Unknown,Isochrysidales,Noelaerhabdaceae,Emiliania,Emiliania huxleyi,Emiliania huxleyi
Phytoplankton,Haptophyta,Unknown,Prymnesiales,Chrysochromulinaceae,Chrysochromulina,Chrysochromulina tobinii,Chrysochromulina tobinii
Phytoplankton,Haptophyta,Unknown,Prymnesiales,Chrysochromulinaceae,Chrysochromulina,Chrysochromulina sp. NIES-1333,Chrysochromulina sp. NIES-1333
Phytoplankton,Haptophyta,Unknown,Phaeocystales,Phaeocystaceae,Phaeocystis,Phaeocystis globosa,Phaeocystis globosa
Phytoplankton,Haptophyta,Unknown,Phaeocystales,Phaeocystaceae,Phaeocystis,Phaeocystis globosa,Phaeocystis globosa
Phytoplankton,Haptophyta,Unknown,Phaeocystales,Phaeocystaceae,Phaeocystis,Phaeocystis globosa,Phaeocystis globosa
Phytoplankton,Haptophyta,Unknown,Phaeocystales,Phaeocystaceae,Phaeocystis,Phaeocystis antarctica,Phaeocystis antarctica
Phytoplankton,Bacillariophyta,Coscinodiscophyceae,Thalassiosirales,Skeletonemataceae,Skeletonema,Skeletonema menzelii,Skeletonema menzelii
Phytoplankton,Haptophyta,Unknown,Phaeocystales,Phaeocystaceae,Phaeocystis,Phaeocystis globosa,Phaeocystis globosa
Phytoplankton,Unknown,Chrysophyceae,Unknown,Unknown,Unknown,Chrysophyceae sp.,Chrysophyceae sp.
Phytoplankton,Unknown,Chrysophyceae,Chromulinales,Chromulinaceae,Pedospumella,Pedospumella sinomuralis,Pedospumella sinomuralis
Phytoplankton,Unknown,Chrysophyceae,Chromulinales,Chromulinaceae,Pedospumella,Pedospumella sinomuralis,Pedospumella sinomuralis
Phytoplankton,Unknown,Chrysophyceae,Chromulinales,Chromulinaceae,Pedospumella,Pedospumella sp. JBM19,Pedospumella sp. JBM19
Phytoplankton,Unknown,Chrysophyceae,Chromulinales,Chromulinaceae,Pedospumella,Pedospumella sp.,Pedospumella sp.
Phytoplankton,Unknown,Chrysophyceae,Chromulinales,Chromulinaceae,Pedospumella,Pedospumella sinomuralis,Pedospumella sinomuralis
Phytoplankton,Unknown,Chrysophyceae,Chromulinales,Chromulinaceae,Pedospumella,Pedospumella sp.,Pedospumella sp.
Phytoplankton,Unknown,Chrysophyceae,Chromulinales,Chromulinaceae,Pedospumella,Pedospumella sp.,Pedospumella sp.
Phytoplankton,Unknown,Chrysophyceae,Chromulinales,Chromulinaceae,Pedospumella,Pedospumella sp.,Pedospumella sp.
Phytoplankton,Bacillariophyta,Coscinodiscophyceae,Chaetocerotales,Chaetocerotaceae,Chaetoceros,Chaetoceros tenuissimus,Chaetoceros tenuissimus
Phytoplankton,Unknown,Chrysophyceae,Chromulinales,Dinobryaceae,Dinobryon,Dinobryon cylindricollarium,Dinobryon cylindricollarium
Phytoplankton,Unknown,Chrysophyceae,Chromulinales,Paraphysomonadaceae,Paraphysomonas,Paraphysomonas sp.,Paraphysomonas sp.
Phytoplankton,Unknown,Chrysophyceae,Chromulinales,Chromulinaceae,Pedospumella,Pedospumella sinomuralis,Pedospumella sinomuralis
Phytoplankton,Unknown,Chrysophyceae,Chromulinales,Chromulinaceae,Pedospumella,Pedospumella sp.,Pedospumella sp.
Phytoplankton,Unknown,Chrysophyceae,Chromulinales,Chromulinaceae,Pedospumella,Pedospumella sp.,Pedospumella sp.
Phytoplankton,Unknown,Cryptophyceae,Pyrenomonadales,Geminigeraceae,Guillardia,Guillardia theta,Guillardia theta
Phytoplankton,Unknown,Dictyochophyceae,Florenciellales,Unknown,Pseudochattonella,Pseudochattonella verruculosa,Pseudochattonella verruculosa
Phytoplankton,Unknown,Dictyochophyceae,Dictyochales,Dictyochaceae,Octactis,Octactis speculum,Octactis speculum
Phytoplankton,Unknown,Dictyochophyceae,Florenciellales,Unknown,Pseudochattonella,Pseudochattonella farcimen,Pseudochattonella farcimen
Phytoplankton,Unknown,Dictyochophyceae,Dictyochales,Dictyochaceae,Octactis,Octactis speculum,Octactis speculum
Phytoplankton,Bacillariophyta,Coscinodiscophyceae,Rhizosoleniales,Rhizosoleniaceae,Guinardia,Guinardia delicatula,Guinardia delicatula
Phytoplankton,Unknown,Dictyochophyceae,Florenciellales,Unknown,Pseudochattonella,Pseudochattonella farcimen,Pseudochattonella farcimen
Phytoplankton,Unknown,Dinophyceae,Peridiniales,Kryptoperidiniaceae,Durinskia,Durinskia baltica,Durinskia baltica
Phytoplankton,Unknown,Dinophyceae,Gymnodiniales,Kareniaceae,Unknown,uncultured Kareniaceae,uncultured Kareniaceae
Phytoplankton,Unknown,Dinophyceae,Unknown,Unknown,Unknown,uncultured dinoflagellate,uncultured dinoflagellate
Phytoplankton,Unknown,Dinophyceae,Gymnodiniales,Kareniaceae,Unknown,uncultured Kareniaceae,uncultured Kareniaceae
Phytoplankton,Unknown,Eustigmatophyceae,Eustigmatales,Monodopsidaceae,Microchloropsis,Microchloropsis salina,Microchloropsis salina
Phytoplankton,Unknown,Filasterea,Unknown,Unknown,Ministeria,Ministeria vibrans,Ministeria vibrans
Phytoplankton,Bacillariophyta,Coscinodiscophyceae,Rhizosoleniales,Rhizosoleniaceae,Guinardia,Guinardia delicatula,Guinardia delicatula
Phytoplankton,Unknown,Pelagophyceae,Pelagomonadales,Pelagomonadaceae,Aureococcus,Aureococcus anophagefferens,Aureococcus anophagefferens
Phytoplankton,Bacillariophyta,Coscinodiscophyceae,Rhizosoleniales,Rhizosoleniaceae,Guinardia,Guinardia delicatula,Guinardia delicatula
Phytoplankton,Bacillariophyta,Coscinodiscophyceae,Thalassiosirales,Skeletonemataceae,Skeletonema,Skeletonema potamos,Skeletonema potamos
Phytoplankton,Bacillariophyta,Coscinodiscophyceae,Thalassiosirales,Skeletonemataceae,Skeletonema,Skeletonema marinoi,Skeletonema marinoi
Phytoplankton,Bacillariophyta,Bacillariophyceae,Naviculales,Pleurosigmataceae,Pleurosigma,Pleurosigma inscriptura,Pleurosigma inscriptura
Phytoplankton,Bacillariophyta,Coscinodiscophyceae,Stephanodiscales,Stephanodiscaceae,Cyclotella,Cyclotella cryptica,Cyclotella cryptica
Phytoplankton,Bacillariophyta,Coscinodiscophyceae,Chaetocerotales,Chaetocerotaceae,Chaetoceros,Chaetoceros socialis,Chaetoceros socialis
Phytoplankton,Bacillariophyta,Coscinodiscophyceae,Chaetocerotales,Chaetocerotaceae,Chaetoceros,Chaetoceros tenuissimus,Chaetoceros tenuissimus
Phytoplankton,Bacillariophyta,Coscinodiscophyceae,Thalassiosirales,Thalassiosiraceae,Thalassiosira,Thalassiosira punctigera,Thalassiosira punctigera
Phytoplankton,Bacillariophyta,Coscinodiscophyceae,Melosirales,Hyalodiscaceae,Podosira,Podosira stelligera,Podosira stelligera
Phytoplankton,Bacillariophyta,Coscinodiscophyceae,Stephanodiscales,Stephanodiscaceae,Stephanodiscus,Stephanodiscus cf. minutulus,Stephanodiscus cf. minutulus
Phytoplankton,Bacillariophyta,Coscinodiscophyceae,Thalassiosirales,Skeletonemataceae,Skeletonema,Skeletonema menzelii,Skeletonema menzelii
Phytoplankton,Bacillariophyta,Coscinodiscophyceae,Rhizosoleniales,Rhizosoleniaceae,Guinardia,Guinardia striata,Guinardia striata
Phytoplankton,Bacillariophyta,Coscinodiscophyceae,Rhizosoleniales,Rhizosoleniaceae,Guinardia,Guinardia delicatula,Guinardia delicatula
Phytoplankton,Bacillariophyta,Bacillariophyceae,Naviculales,Pleurosigmataceae,Pleurosigma,Pleurosigma sp. mgcode 4,Pleurosigma sp. mgcode 4
Phytoplankton,Bacillariophyta,Coscinodiscophyceae,Stephanodiscales,Stephanodiscaceae,Cyclotella,Cyclotella cryptica,Cyclotella cryptica
Phytoplankton,Bacillariophyta,Coscinodiscophyceae,Rhizosoleniales,Rhizosoleniaceae,Guinardia,Guinardia striata,Guinardia striata
Phytoplankton,Bacillariophyta,Coscinodiscophyceae,Rhizosoleniales,Rhizosoleniaceae,Guinardia,Guinardia delicatula,Guinardia delicatula
Phytoplankton,Bacillariophyta,Coscinodiscophyceae,Thalassiosirales,Thalassiosiraceae,Thalassiosira,Thalassiosira rotula,Thalassiosira rotula
Phytoplankton,Bacillariophyta,Coscinodiscophyceae,Thalassiosirales,Thalassiosiraceae,Thalassiosira,Thalassiosira nordenskioeldii,Thalassiosira nordenskioeldii
Phytoplankton,Bacillariophyta,Coscinodiscophyceae,Rhizosoleniales,Rhizosoleniaceae,Guinardia,Guinardia delicatula,Guinardia delicatula
Phytoplankton,Bacillariophyta,Coscinodiscophyceae,Rhizosoleniales,Rhizosoleniaceae,Rhizosolenia,Rhizosolenia setigera,Rhizosolenia setigera
Phytoplankton,Bacillariophyta,Coscinodiscophyceae,Stephanodiscales,Stephanodiscaceae,Discostella,Discostella sp. clade A (type II),Discostella sp. clade A (type II)
Phytoplankton,Bacillariophyta,Coscinodiscophyceae,Chaetocerotales,Chaetocerotaceae,Chaetoceros,Chaetoceros tenuissimus,Chaetoceros tenuissimus
Phytoplankton,Bacillariophyta,Coscinodiscophyceae,Stephanodiscales,Stephanodiscaceae,Cyclotella,Cyclotella cryptica,Cyclotella cryptica
Phytoplankton,Bacillariophyta,Bacillariophyceae,Naviculales,Pinnulariaceae,Pinnularia,Pinnularia sp. 9 CS-2011,Pinnularia sp. 9 CS-2011
Phytoplankton,Bacillariophyta,Coscinodiscophyceae,Chaetocerotales,Chaetocerotaceae,Chaetoceros,Chaetoceros socialis,Chaetoceros socialis
Phytoplankton,Bacillariophyta,Coscinodiscophyceae,Thalassiosirales,Thalassiosiraceae,Thalassiosira,Thalassiosira rotula,Thalassiosira rotula
Phytoplankton,Bacillariophyta,Coscinodiscophyceae,Thalassiosirales,Skeletonemataceae,Skeletonema,Skeletonema menzelii,Skeletonema menzelii
Phytoplankton,Bacillariophyta,Coscinodiscophyceae,Thalassiosirales,Thalassiosiraceae,Thalassiosira,Thalassiosira punctigera,Thalassiosira punctigera
Phytoplankton,Bacillariophyta,Coscinodiscophyceae,Thalassiosirales,Skeletonemataceae,Skeletonema,Skeletonema menzelii,Skeletonema menzelii
Phytoplankton,Bacillariophyta,Coscinodiscophyceae,Rhizosoleniales,Rhizosoleniaceae,Guinardia,Guinardia delicatula,Guinardia delicatula
Phytoplankton,Bacillariophyta,Coscinodiscophyceae,Chaetocerotales,Chaetocerotaceae,Chaetoceros,Chaetoceros tenuissimus,Chaetoceros tenuissimus
Phytoplankton,Bacillariophyta,Coscinodiscophyceae,Thalassiosirales,Thalassiosiraceae,Thalassiosira,Thalassiosira rotula,Thalassiosira rotula
Phytoplankton,Bacillariophyta,Coscinodiscophyceae,Stephanodiscales,Stephanodiscaceae,Cyclotella,Cyclotella cryptica,Cyclotella cryptica
Phytoplankton,Bacillariophyta,Coscinodiscophyceae,Thalassiosirales,Thalassiosiraceae,Thalassiosira,Thalassiosira rotula,Thalassiosira rotula
Phytoplankton,Bacillariophyta,Bacillariophyceae,Naviculales,Pleurosigmataceae,Pleurosigma,Pleurosigma inscriptura,Pleurosigma inscriptura
Phytoplankton,Bacillariophyta,Coscinodiscophyceae,Rhizosoleniales,Rhizosoleniaceae,Guinardia,Guinardia delicatula,Guinardia delicatula
Phytoplankton,Bacillariophyta,Coscinodiscophyceae,Thalassiosirales,Thalassiosiraceae,Thalassiosira,Thalassiosira rotula,Thalassiosira rotula
Phytoplankton,Bacillariophyta,Coscinodiscophyceae,Thalassiosirales,Thalassiosiraceae,Thalassiosira,Thalassiosira rotula,Thalassiosira rotula
Phytoplankton,Bacillariophyta,Coscinodiscophyceae,Thalassiosirales,Skeletonemataceae,Skeletonema,Skeletonema subsalsum,Skeletonema subsalsum
Phytoplankton,Bacillariophyta,Coscinodiscophyceae,Chaetocerotales,Chaetocerotaceae,Chaetoceros,Chaetoceros socialis,Chaetoceros socialis
Phytoplankton,Bacillariophyta,Coscinodiscophyceae,Thalassiosirales,Skeletonemataceae,Skeletonema,Skeletonema potamos,Skeletonema potamos
Phytoplankton,Bacillariophyta,Coscinodiscophyceae,Thalassiosirales,Skeletonemataceae,Skeletonema,Skeletonema menzelii,Skeletonema menzelii
Phytoplankton,Bacillariophyta,Coscinodiscophyceae,Thalassiosirales,Thalassiosiraceae,Thalassiosira,Thalassiosira nordenskioeldii,Thalassiosira nordenskioeldii
Phytoplankton,Bacillariophyta,Coscinodiscophyceae,Thalassiosirales,Thalassiosiraceae,Thalassiosira,Thalassiosira rotula,Thalassiosira rotula
Phytoplankton,Bacillariophyta,Coscinodiscophyceae,Chaetocerotales,Chaetocerotaceae,Chaetoceros,Chaetoceros tenuissimus,Chaetoceros tenuissimus
Phytoplankton,Bacillariophyta,Bacillariophyceae,Naviculales,Stauroneidaceae,Schizostauron,Schizostauron trachyderma,Schizostauron trachyderma
Phytoplankton,Bacillariophyta,Coscinodiscophyceae,Thalassiosirales,Thalassiosiraceae,Thalassiosira,Thalassiosira rotula,Thalassiosira rotula
Phytoplankton,Bacillariophyta,Coscinodiscophyceae,Thalassiosirales,Skeletonemataceae,Skeletonema,Skeletonema menzelii,Skeletonema menzelii
Phytoplankton,Bacillariophyta,Coscinodiscophyceae,Rhizosoleniales,Rhizosoleniaceae,Guinardia,Guinardia delicatula,Guinardia delicatula
Phytoplankton,Bacillariophyta,Coscinodiscophyceae,Thalassiosirales,Thalassiosiraceae,Thalassiosira,Thalassiosira rotula,Thalassiosira rotula
Phytoplankton,Bacillariophyta,Coscinodiscophyceae,Stephanodiscales,Stephanodiscaceae,Stephanodiscus,Stephanodiscus cf. minutulus,Stephanodiscus cf. minutulus
Phytoplankton,Bacillariophyta,Coscinodiscophyceae,Thalassiosirales,Thalassiosiraceae,Thalassiosira,Thalassiosira rotula,Thalassiosira rotula
Phytoplankton,Bacillariophyta,Coscinodiscophyceae,Chaetocerotales,Chaetocerotaceae,Chaetoceros,Chaetoceros tenuissimus,Chaetoceros tenuissimus
Phytoplankton,Bacillariophyta,Coscinodiscophyceae,Rhizosoleniales,Rhizosoleniaceae,Guinardia,Guinardia striata,Guinardia striata
Phytoplankton,Bacillariophyta,Coscinodiscophyceae,Thalassiosirales,Thalassiosiraceae,Thalassiosira,Thalassiosira rotula,Thalassiosira rotula
Phytoplankton,Bacillariophyta,Coscinodiscophyceae,Thalassiosirales,Thalassiosiraceae,Thalassiosira,Thalassiosira rotula,Thalassiosira rotula
Phytoplankton,Bacillariophyta,Bacillariophyceae,Naviculales,Naviculaceae,Haslea,Haslea ostrearia,Haslea ostrearia
Phytoplankton,Bacillariophyta,Coscinodiscophyceae,Thalassiosirales,Skeletonemataceae,Skeletonema,Skeletonema menzelii,Skeletonema menzelii
Phytoplankton,Bacillariophyta,Fragilariophyceae,Thalassionemales,Thalassionemataceae,Thalassionema,Thalassionema nitzschioides,Thalassionema nitzschioides
Phytoplankton,Bacillariophyta,Fragilariophyceae,Thalassionemales,Thalassionemataceae,Thalassionema,Thalassionema nitzschioides,Thalassionema nitzschioides
Phytoplankton,Bacillariophyta,Fragilariophyceae,Thalassionemales,Thalassionemataceae,Thalassionema,Thalassionema nitzschioides,Thalassionema nitzschioides
Phytoplankton,Bacillariophyta,Mediophyceae,Cymatosirales,Cymatosiraceae,Minutocellus,Minutocellus polymorphus,Minutocellus polymorphus
Phytoplankton,Bacillariophyta,Mediophyceae,Lithodesmiales,Lithodesmiaceae,Ditylum,Ditylum brightwellii,Ditylum brightwellii
Phytoplankton,Bacillariophyta,Mediophyceae,Cymatosirales,Cymatosiraceae,Minutocellus,Minutocellus polymorphus,Minutocellus polymorphus
Phytoplankton,Bacillariophyta,Mediophyceae,Cymatosirales,Cymatosiraceae,Minutocellus,Minutocellus polymorphus,Minutocellus polymorphus
Phytoplankton,Bacillariophyta,Mediophyceae,Cymatosirales,Cymatosiraceae,Minutocellus,Minutocellus polymorphus,Minutocellus polymorphus
Phytoplankton,Bacillariophyta,Mediophyceae,Cymatosirales,Cymatosiraceae,Minutocellus,Minutocellus polymorphus,Minutocellus polymorphus
Phytoplankton,Bacillariophyta,Mediophyceae,Cymatosirales,Cymatosiraceae,Minutocellus,Minutocellus polymorphus,Minutocellus polymorphus
Phytoplankton,Bacillariophyta,Mediophyceae,Lithodesmiales,Lithodesmiaceae,Lithodesmium,Lithodesmium intricatum,Lithodesmium intricatum
Phytoplankton,Bacillariophyta,Mediophyceae,Cymatosirales,Cymatosiraceae,Minutocellus,Minutocellus polymorphus,Minutocellus polymorphus
Phytoplankton,Bacillariophyta,Mediophyceae,Lithodesmiales,Lithodesmiaceae,Lithodesmium,Lithodesmium undulatum,Lithodesmium undulatum
Phytoplankton,Bacillariophyta,Mediophyceae,Cymatosirales,Cymatosiraceae,Minutocellus,Minutocellus polymorphus,Minutocellus polymorphus
Phytoplankton,Bacillariophyta,Mediophyceae,Lithodesmiales,Lithodesmiaceae,Ditylum,Ditylum brightwellii,Ditylum brightwellii
Phytoplankton,Bacillariophyta,Mediophyceae,Lithodesmiales,Lithodesmiaceae,Lithodesmium,Lithodesmium undulatum,Lithodesmium undulatum
Phytoplankton,Bacillariophyta,Mediophyceae,Lithodesmiales,Lithodesmiaceae,Lithodesmium,Lithodesmium intricatum,Lithodesmium intricatum
Phytoplankton,Bacillariophyta,Mediophyceae,Cymatosirales,Cymatosiraceae,Minutocellus,Minutocellus polymorphus,Minutocellus polymorphus
Phytoplankton,Bacillariophyta,Mediophyceae,Cymatosirales,Cymatosiraceae,Minutocellus,Minutocellus polymorphus,Minutocellus polymorphus
Phytoplankton,Bacillariophyta,Mediophyceae,Cymatosirales,Cymatosiraceae,Minutocellus,Minutocellus polymorphus,Minutocellus polymorphus
Phytoplankton,Bacillariophyta,Mediophyceae,Cymatosirales,Cymatosiraceae,Minutocellus,Minutocellus polymorphus,Minutocellus polymorphus
Phytoplankton,Bacillariophyta,Mediophyceae,Lithodesmiales,Lithodesmiaceae,Lithodesmium,Lithodesmium undulatum,Lithodesmium undulatum
Phytoplankton,Bacillariophyta,Mediophyceae,Triceratiales,Plagiogrammaceae,Dimeregramma,Dimeregramma acutum,Dimeregramma acutum
Phytoplankton,Bacillariophyta,Mediophyceae,Cymatosirales,Cymatosiraceae,Minutocellus,Minutocellus polymorphus,Minutocellus polymorphus
Phytoplankton,Bacillariophyta,Mediophyceae,Cymatosirales,Cymatosiraceae,Minutocellus,Minutocellus polymorphus,Minutocellus polymorphus
Phytoplankton,Bacillariophyta,Mediophyceae,Lithodesmiales,Lithodesmiaceae,Ditylum,Ditylum brightwellii,Ditylum brightwellii
Phytoplankton,Bacillariophyta,Mediophyceae,Cymatosirales,Cymatosiraceae,Minutocellus,Minutocellus polymorphus,Minutocellus polymorphus
Phytoplankton,Bacillariophyta,Mediophyceae,Hemiaulales,Hemiaulaceae,Hemiaulus,Hemiaulus sinensis,Hemiaulus sinensis
Phytoplankton,Bacillariophyta,Mediophyceae,Lithodesmiales,Lithodesmiaceae,Ditylum,Ditylum brightwellii,Ditylum brightwellii
Metazoa,Annelida,Clitellata,Enchytraeida,Enchytraeidae,Cernosvitoviella,Cernosvitoviella minor,Cernosvitoviella minor
Metazoa,Annelida,Polychaeta,Spionida,Spionidae,Prionospio,Prionospio fallax,Prionospio fallax
Metazoa,Annelida,Polychaeta,Unknown,Capitellidae,Dasybranchus,Dasybranchus sp. DH1,Dasybranchus sp. DH1
Metazoa,Cnidaria,Anthozoa,Unknown,Unknown,Unknown,Ceriantharia gen. n. sp. n. US-2023,Ceriantharia gen. n. sp. n. US-2023
Metazoa,Cnidaria,Anthozoa,Actiniaria,Edwardsiidae,Edwardsia,Edwardsia timida,Edwardsia timida
Metazoa,Cnidaria,Hydrozoa,Leptothecata,Aequoreidae,Aequorea,Aequorea sp. USNM IZ 1448486,Aequorea sp. USNM IZ 1448486
Metazoa,Cnidaria,Hydrozoa,Leptothecata,Aglaopheniidae,Aglaophenia,Aglaophenia pluma,Aglaophenia pluma
Metazoa,Cnidaria,Hydrozoa,Leptothecata,Aglaopheniidae,Aglaophenia,Aglaophenia tubulifera,Aglaophenia tubulifera
Metazoa,Cnidaria,Hydrozoa,Leptothecata,Aglaopheniidae,Aglaophenia,Aglaophenia tubulifera,Aglaophenia tubulifera
Metazoa,Cnidaria,Hydrozoa,Leptothecata,Aglaopheniidae,Aglaophenia,Aglaophenia tubulifera,Aglaophenia tubulifera
Metazoa,Cnidaria,Hydrozoa,Anthoathecata,Zancleidae,Apatizanclea,Apatizanclea divergens,Apatizanclea divergens
Metazoa,Cnidaria,Hydrozoa,Siphonophorae,Apolemiidae,Apolemia,Apolemia sp.,Apolemia sp.
Metazoa,Cnidaria,Hydrozoa,Anthoathecata,Bougainvilliidae,Bougainvillia,Bougainvillia muscus,Bougainvillia muscus
Metazoa,Cnidaria,Hydrozoa,Anthoathecata,Bougainvilliidae,Bougainvillia,Bougainvillia muscus,Bougainvillia muscus
Metazoa,Cnidaria,Hydrozoa,Anthoathecata,Bougainvilliidae,Bougainvillia,Bougainvillia muscus,Bougainvillia muscus
Metazoa,Cnidaria,Hydrozoa,Anthoathecata,Bougainvilliidae,Bougainvillia,Bougainvillia muscus,Bougainvillia muscus
Metazoa,Cnidaria,Hydrozoa,Anthoathecata,Bougainvilliidae,Bougainvillia,Bougainvillia muscus,Bougainvillia muscus
Metazoa,Cnidaria,Hydrozoa,Leptothecata,Clytiidae,Clytia,Clytia sp. 1 SL-2013,Clytia sp. 1 SL-2013
Metazoa,Cnidaria,Hydrozoa,Leptothecata,Clytiidae,Clytia,Clytia sp. 2 AFC-2016,Clytia sp. 2 AFC-2016
Metazoa,Cnidaria,Hydrozoa,Leptothecata,Clytiidae,Clytia,Clytia sp. 2 AFC-2016,Clytia sp. 2 AFC-2016
Metazoa,Cnidaria,Hydrozoa,Leptothecata,Clytiidae,Clytia,Clytia sp. 2 AFC-2016,Clytia sp. 2 AFC-2016
Metazoa,Cnidaria,Hydrozoa,Leptothecata,Clytiidae,Clytia,Clytia sp. 2 AFC-2016,Clytia sp. 2 AFC-2016
Metazoa,Cnidaria,Hydrozoa,Anthoathecata,Corynidae,Coryne,Coryne pintneri,Coryne pintneri
Metazoa,Cnidaria,Hydrozoa,Anthoathecata,Tubulariidae,Ectopleura,Ectopleura larynx,Ectopleura larynx
Metazoa,Cnidaria,Hydrozoa,Anthoathecata,Bougainvilliidae,Garveia,Garveia annulata,Garveia annulata
Metazoa,Cnidaria,Hydrozoa,Anthoathecata,Bougainvilliidae,Garveia,Garveia annulata,Garveia annulata
Metazoa,Cnidaria,Hydrozoa,Leptothecata,Haleciidae,Halecium,Halecium sp. BMOO-08734,Halecium sp. BMOO-08734
Metazoa,Annelida,Polychaeta,Terebellida,Terebellidae,Lanice,Lanice conchilega,Lanice conchilega
Metazoa,Annelida,Polychaeta,Terebellida,Terebellidae,Lanice,Lanice conchilega,Lanice conchilega
Metazoa,Annelida,Polychaeta,Terebellida,Terebellidae,Lanice,Lanice conchilega,Lanice conchilega
Metazoa,Cnidaria,Hydrozoa,Leptothecata,Laodiceidae,Laodicea,Laodicea sp. HAW02,Laodicea sp. HAW02
Metazoa,Cnidaria,Hydrozoa,Siphonophorae,Prayidae,Maresearsia,Maresearsia praeclara,Maresearsia praeclara
Metazoa,Cnidaria,Hydrozoa,Leptothecata,Mitrocomidae,Mitrocomella,Mitrocomella brownei,Mitrocomella brownei
Metazoa,Cnidaria,Hydrozoa,Leptothecata,Obeliidae,Obelia,Obelia bidentata,Obelia bidentata
Metazoa,Cnidaria,Hydrozoa,Leptothecata,Obeliidae,Obelia,Obelia bidentata,Obelia bidentata
Metazoa,Cnidaria,Hydrozoa,Leptothecata,Obeliidae,Obelia,Obelia bidentata,Obelia bidentata
Metazoa,Cnidaria,Hydrozoa,Leptothecata,Obeliidae,Obelia,Obelia dichotoma,Obelia dichotoma
Metazoa,Cnidaria,Hydrozoa,Leptothecata,Obeliidae,Obelia,Obelia dichotoma,Obelia dichotoma
Metazoa,Cnidaria,Hydrozoa,Leptothecata,Obeliidae,Obelia,Obelia sp. 3 SL-2013,Obelia sp. 3 SL-2013
Metazoa,Cnidaria,Hydrozoa,Leptothecata,Obeliidae,Obelia,Obelia sp. MZUSP 3356,Obelia sp. MZUSP 3356
Metazoa,Cnidaria,Hydrozoa,Leptothecata,Campanulariidae,Orthopyxis,Orthopyxis crenata,Orthopyxis crenata
Metazoa,Cnidaria,Hydrozoa,Anthoathecata,Pennariidae,Pennaria,Pennaria disticha,Pennaria disticha
Metazoa,Cnidaria,Hydrozoa,Anthoathecata,Corynidae,Sarsia,Sarsia tubulosa,Sarsia tubulosa
Metazoa,Cnidaria,Hydrozoa,Siphonophorae,Unknown,Unknown,Siphonophorae sp. NHM_339,Siphonophorae sp. NHM_339
Metazoa,Cnidaria,Hydrozoa,Siphonophorae,Unknown,Unknown,Siphonophorae sp. NHM_339,Siphonophorae sp. NHM_339
Metazoa,Cnidaria,Hydrozoa,Siphonophorae,Unknown,Unknown,Siphonophorae sp. NHM_339,Siphonophorae sp. NHM_339
Metazoa,Annelida,Polychaeta,Terebellida,Terebellidae,Lanice,Lanice conchilega,Lanice conchilega
Metazoa,Cnidaria,Hydrozoa,Leptothecata,Obeliidae,Obelia,Obelia dichotoma,Obelia dichotoma
Metazoa,Cnidaria,Hydrozoa,Siphonophorae,Apolemiidae,Apolemia,Apolemia sp.,Apolemia sp.
Metazoa,Cnidaria,Hydrozoa,Anthoathecata,Corynidae,Sarsia,Sarsia tubulosa,Sarsia tubulosa
Metazoa,Cnidaria,Hydrozoa,Leptothecata,Eirenidae,Eutima,Eutima mira,Eutima mira
Metazoa,Cnidaria,Hydrozoa,Leptothecata,Aglaopheniidae,Aglaophenia,Aglaophenia pluma,Aglaophenia pluma
Metazoa,Cnidaria,Hydrozoa,Anthoathecata,Bougainvilliidae,Bougainvillia,Bougainvillia muscus,Bougainvillia muscus
Metazoa,Cnidaria,Hydrozoa,Leptothecata,Sertulariidae,Dynamena,Dynamena pumila,Dynamena pumila
Metazoa,Cnidaria,Hydrozoa,Siphonophorae,Forskaliidae,Forskalia,Forskalia tholoides,Forskalia tholoides
Metazoa,Cnidaria,Hydrozoa,Anthoathecata,Bougainvilliidae,Rhizorhagium,Rhizorhagium arenosum,Rhizorhagium arenosum
Metazoa,Cnidaria,Hydrozoa,Leptothecata,Obeliidae,Obelia,Obelia dichotoma,Obelia dichotoma
Metazoa,Annelida,Polychaeta,Terebellida,Trichobranchidae,Trichobranchus,Trichobranchus glacialis,Trichobranchus glacialis
Metazoa,Cnidaria,Hydrozoa,Anthoathecata,Bougainvilliidae,Bougainvillia,Bougainvillia muscus,Bougainvillia muscus
Metazoa,Cnidaria,Hydrozoa,Leptothecata,Clytiidae,Clytia,Clytia sp. 1 SL-2013,Clytia sp. 1 SL-2013
Metazoa,Cnidaria,Hydrozoa,Leptothecata,Clytiidae,Clytia,Clytia sp. 2 AFC-2016,Clytia sp. 2 AFC-2016
Metazoa,Cnidaria,Hydrozoa,Limnomedusae,Geryoniidae,Liriope,Liriope tetraphylla,Liriope tetraphylla
Metazoa,Cnidaria,Hydrozoa,Leptothecata,Clytiidae,Clytia,Clytia sp. 1 SL-2013,Clytia sp. 1 SL-2013
Metazoa,Cnidaria,Hydrozoa,Leptothecata,Clytiidae,Clytia,Clytia sp. 1 SL-2013,Clytia sp. 1 SL-2013
Metazoa,Cnidaria,Hydrozoa,Leptothecata,Clytiidae,Clytia,Clytia sp. 2 AFC-2016,Clytia sp. 2 AFC-2016
Metazoa,Cnidaria,Hydrozoa,Anthoathecata,Bougainvilliidae,Bougainvillia,Bougainvillia muscus,Bougainvillia muscus
Metazoa,Cnidaria,Hydrozoa,Leptothecata,Clytiidae,Clytia,Clytia sp. 1 SL-2013,Clytia sp. 1 SL-2013
Metazoa,Cnidaria,Hydrozoa,Anthoathecata,Corynidae,Coryne,Coryne pintneri,Coryne pintneri
Metazoa,Annelida,Polychaeta,Terebellida,Terebellidae,Lanice,Lanice conchilega,Lanice conchilega
Metazoa,Cnidaria,Hydrozoa,Leptothecata,Tiaropsidae,Tiaropsis,Tiaropsis multicirrata,Tiaropsis multicirrata
Metazoa,Cnidaria,Hydrozoa,Leptothecata,Obeliidae,Obelia,Obelia bidentata,Obelia bidentata
Metazoa,Cnidaria,Hydrozoa,Leptothecata,Campanulariidae,Eucheilota,Eucheilota maculata,Eucheilota maculata
Metazoa,Cnidaria,Hydrozoa,Siphonophorae,Apolemiidae,Apolemia,Apolemia sp. 3 CWD-2005,Apolemia sp. 3 CWD-2005
Metazoa,Cnidaria,Hydrozoa,Leptothecata,Clytiidae,Clytia,Clytia sp. 2 AFC-2016,Clytia sp. 2 AFC-2016
Metazoa,Cnidaria,Hydrozoa,Trachymedusae,Halicreatidae,Botrynema,Botrynema brucei,Botrynema brucei
Metazoa,Cnidaria,Hydrozoa,Siphonophorae,Prayidae,Praya,Praya dubia,Praya dubia
Metazoa,Cnidaria,Hydrozoa,Leptothecata,Clytiidae,Clytia,Clytia sp. 2 AFC-2016,Clytia sp. 2 AFC-2016
Metazoa,Cnidaria,Hydrozoa,Anthoathecata,Pennariidae,Pennaria,Pennaria disticha,Pennaria disticha
Metazoa,Cnidaria,Scyphozoa,Rhizostomeae,Cassiopeidae,Cassiopea,Cassiopea xamachana,Cassiopea xamachana
Metazoa,Annelida,Polychaeta,Spionida,Spionidae,Malacoceros,Malacoceros cf. fuliginosus ZMBN 130837,Malacoceros cf. fuliginosus ZMBN 130837
Metazoa,Cnidaria,Scyphozoa,Semaeostomeae,Ulmaridae,Aurelia,Aurelia sp. 11 sensu Dawson et al. (2005),Aurelia sp. 11 sensu Dawson et al. (2005)
Metazoa,Cnidaria,Scyphozoa,Rhizostomeae,Cassiopeidae,Cassiopea,Cassiopea xamachana,Cassiopea xamachana
Metazoa,Cnidaria,Scyphozoa,Rhizostomeae,Cassiopeidae,Cassiopea,Cassiopea xamachana,Cassiopea xamachana
Metazoa,Cnidaria,Scyphozoa,Semaeostomeae,Ulmaridae,Aurelia,Aurelia aurita,Aurelia aurita
Metazoa,Cnidaria,Scyphozoa,Rhizostomeae,Cassiopeidae,Cassiopea,Cassiopea sp. PGNIMCP,Cassiopea sp. PGNIMCP
Metazoa,Cnidaria,Scyphozoa,Rhizostomeae,Cassiopeidae,Cassiopea,Cassiopea sp. PGNIMCP,Cassiopea sp. PGNIMCP
Metazoa,Cnidaria,Scyphozoa,Rhizostomeae,Cassiopeidae,Cassiopea,Cassiopea xamachana,Cassiopea xamachana
Metazoa,Cnidaria,Scyphozoa,Semaeostomeae,Ulmaridae,Aurelia,Aurelia sp. 11 sensu Dawson et al. (2005),Aurelia sp. 11 sensu Dawson et al. (2005)
Metazoa,Cnidaria,Scyphozoa,Rhizostomeae,Cassiopeidae,Cassiopea,Cassiopea xamachana,Cassiopea xamachana
Metazoa,Echinodermata,Asteroidea,Forcipulatida,Asteriidae,Asterias,Asterias rubens,Asterias rubens
Metazoa,Annelida,Polychaeta,Unknown,Capitellidae,Dasybranchus,Dasybranchus sp. DH1,Dasybranchus sp. DH1
Metazoa,Echinodermata,Asteroidea,Forcipulatida,Asteriidae,Asterias,Asterias rubens,Asterias rubens
Metazoa,Echinodermata,Asteroidea,Forcipulatida,Asteriidae,Asterias,Asterias rubens,Asterias rubens
Metazoa,Echinodermata,Asteroidea,Forcipulatida,Asteriidae,Asterias,Asterias rubens,Asterias rubens
Metazoa,Echinodermata,Crinoidea,Comatulida,Antedonidae,Nesometra,Nesometra sp. i GP-2023,Nesometra sp. i GP-2023
Metazoa,Echinodermata,Crinoidea,Comatulida,Zenometridae,Psathyrometra,Psathyrometra cf. fragilis,Psathyrometra cf. fragilis
Metazoa,Echinodermata,Crinoidea,Isocrinida,Isocrinidae,Endoxocrinus,Endoxocrinus parrae,Endoxocrinus parrae
Metazoa,Echinodermata,Echinoidea,Temnopleuroida,Temnopleuridae,Temnopleurus,Temnopleurus toreumaticus,Temnopleurus toreumaticus
Metazoa,Echinodermata,Echinoidea,Camarodonta,Parechinidae,Psammechinus,Psammechinus miliaris,Psammechinus miliaris
Metazoa,Echinodermata,Ophiuroidea,Amphilepidida,Amphiuridae,Amphiura,Amphiura filiformis,Amphiura filiformis
Metazoa,Echinodermata,Ophiuroidea,Amphilepidida,Ophiotrichidae,Ophiothrix,Ophiothrix fragilis,Ophiothrix fragilis
Metazoa,Annelida,Clitellata,Crassiclitellata,Megascolecidae,Amynthas,Amynthas sp. EWBC-3,Amynthas sp. EWBC-3
Metazoa,Annelida,Polychaeta,Unknown,Opheliidae,Travisia,Travisia pupa,Travisia pupa
Metazoa,Gastrotricha,Unknown,Macrodasyida,Macrodasyidae,Urodasys,Urodasys sp. 114a,Urodasys sp. 114a
Metazoa,Gastrotricha,Unknown,Macrodasyida,Macrodasyidae,Urodasys,Urodasys sp. 114a,Urodasys sp. 114a
Metazoa,Gastrotricha,Unknown,Macrodasyida,Macrodasyidae,Urodasys,Urodasys sp. 114a,Urodasys sp. 114a
Metazoa,Gastrotricha,Unknown,Macrodasyida,Macrodasyidae,Urodasys,Urodasys sp. 114a,Urodasys sp. 114a
Metazoa,Gastrotricha,Unknown,Macrodasyida,Macrodasyidae,Urodasys,Urodasys sp. 114a,Urodasys sp. 114a
Metazoa,Gastrotricha,Unknown,Macrodasyida,Macrodasyidae,Urodasys,Urodasys sp. 114a,Urodasys sp. 114a
Metazoa,Gastrotricha,Unknown,Macrodasyida,Macrodasyidae,Urodasys,Urodasys sp. 114a,Urodasys sp. 114a
Metazoa,Gastrotricha,Unknown,Macrodasyida,Macrodasyidae,Urodasys,Urodasys sp. 114a,Urodasys sp. 114a
Metazoa,Gastrotricha,Unknown,Chaetonotida,Chaetonotidae,Chaetonotus,Chaetonotus aff. gelidus MK-2019,Chaetonotus aff. gelidus MK-2019
Metazoa,Gastrotricha,Unknown,Macrodasyida,Macrodasyidae,Urodasys,Urodasys sp. 114a,Urodasys sp. 114a
Metazoa,Annelida,Polychaeta,Phyllodocida,Polynoidae,Nonparahalosydna,Nonparahalosydna pleiolepis,Nonparahalosydna pleiolepis
Metazoa,Gastrotricha,Unknown,Macrodasyida,Macrodasyidae,Urodasys,Urodasys sp. 114a,Urodasys sp. 114a
Metazoa,Gastrotricha,Unknown,Macrodasyida,Macrodasyidae,Urodasys,Urodasys sp. 114a,Urodasys sp. 114a
Metazoa,Gastrotricha,Unknown,Macrodasyida,Macrodasyidae,Urodasys,Urodasys sp. 114a,Urodasys sp. 114a
Metazoa,Gastrotricha,Unknown,Macrodasyida,Macrodasyidae,Urodasys,Urodasys sp. 114a,Urodasys sp. 114a
Metazoa,Gastrotricha,Unknown,Chaetonotida,Chaetonotidae,Chaetonotus,Chaetonotus cf. oculiefer MK-2019,Chaetonotus cf. oculiefer MK-2019
Metazoa,Gastrotricha,Unknown,Macrodasyida,Macrodasyidae,Urodasys,Urodasys sp. 114a,Urodasys sp. 114a
Metazoa,Gastrotricha,Unknown,Macrodasyida,Macrodasyidae,Urodasys,Urodasys sp. 114a,Urodasys sp. 114a
Metazoa,Gastrotricha,Unknown,Macrodasyida,Macrodasyidae,Urodasys,Urodasys sp. 114a,Urodasys sp. 114a
Metazoa,Gastrotricha,Unknown,Macrodasyida,Macrodasyidae,Urodasys,Urodasys sp. 114a,Urodasys sp. 114a
Metazoa,Gastrotricha,Unknown,Macrodasyida,Macrodasyidae,Urodasys,Urodasys sp. 114a,Urodasys sp. 114a
Metazoa,Arthropoda,Branchiopoda,Diplostraca,Podonidae,Evadne,Evadne sp.,Evadne sp.
Metazoa,Gastrotricha,Unknown,Macrodasyida,Macrodasyidae,Urodasys,Urodasys sp. 114a,Urodasys sp. 114a
Metazoa,Gastrotricha,Unknown,Macrodasyida,Macrodasyidae,Urodasys,Urodasys sp. 114a,Urodasys sp. 114a
Metazoa,Gastrotricha,Unknown,Macrodasyida,Macrodasyidae,Urodasys,Urodasys sp. 114a,Urodasys sp. 114a
Metazoa,Gastrotricha,Unknown,Macrodasyida,Macrodasyidae,Urodasys,Urodasys sp. 114a,Urodasys sp. 114a
Metazoa,Gastrotricha,Unknown,Macrodasyida,Macrodasyidae,Urodasys,Urodasys sp. 114a,Urodasys sp. 114a
Metazoa,Gastrotricha,Unknown,Macrodasyida,Macrodasyidae,Urodasys,Urodasys sp. 114a,Urodasys sp. 114a
Metazoa,Gastrotricha,Unknown,Macrodasyida,Macrodasyidae,Urodasys,Urodasys sp. 114a,Urodasys sp. 114a
Metazoa,Gastrotricha,Unknown,Macrodasyida,Macrodasyidae,Urodasys,Urodasys sp. 114a,Urodasys sp. 114a
Metazoa,Gastrotricha,Unknown,Macrodasyida,Macrodasyidae,Urodasys,Urodasys sp. 114a,Urodasys sp. 114a
Metazoa,Gastrotricha,Unknown,Macrodasyida,Macrodasyidae,Urodasys,Urodasys sp. 114a,Urodasys sp. 114a
Metazoa,Arthropoda,Branchiopoda,Diplostraca,Podonidae,Evadne,Evadne sp.,Evadne sp.
Metazoa,Gastrotricha,Unknown,Macrodasyida,Macrodasyidae,Urodasys,Urodasys sp. 114a,Urodasys sp. 114a
Metazoa,Mollusca,Bivalvia,Mytilida,Mytilidae,Musculus,Musculus sp. CROBB104,Musculus sp. CROBB104
Metazoa,Mollusca,Bivalvia,Venerida,Veneridae,Dosinia,Dosinia exoleta,Dosinia exoleta
Metazoa,Mollusca,Bivalvia,Mytilida,Mytilidae,Mytilus,Mytilus edulis,Mytilus edulis
Metazoa,Mollusca,Bivalvia,Galeommatida,Montacutidae,Kurtiella,Kurtiella bidentata,Kurtiella bidentata
Metazoa,Mollusca,Bivalvia,Mytilida,Mytilidae,Mytilus,Mytilus edulis complex sp. DC-2011,Mytilus edulis complex sp. DC-2011
Metazoa,Mollusca,Bivalvia,Galeommatida,Montacutidae,Montacutona,Montacutona sigalionidcola,Montacutona sigalionidcola
Metazoa,Mollusca,Bivalvia,Venerida,Veneridae,Dosinia,Dosinia lupinus,Dosinia lupinus
Metazoa,Mollusca,Bivalvia,Galeommatida,Montacutidae,Montacutona,Montacutona sigalionidcola,Montacutona sigalionidcola
Metazoa,Mollusca,Bivalvia,Mytilida,Mytilidae,Musculus,Musculus sp. CROBB104,Musculus sp. CROBB104
Metazoa,Arthropoda,Branchiopoda,Diplostraca,Podonidae,Evadne,Evadne sp.,Evadne sp.
Metazoa,Mollusca,Gastropoda,Nudibranchia,Dotidae,Doto,Doto coronata,Doto coronata
Metazoa,Mollusca,Gastropoda,Littorinimorpha,Lacunidae,Lacuna,Lacuna vincta,Lacuna vincta
Metazoa,Mollusca,Gastropoda,Trochida,Trochidae,Steromphala,Steromphala cineraria,Steromphala cineraria
Metazoa,Mollusca,Gastropoda,Littorinimorpha,Rissoidae,Rissoa,Rissoa guernei,Rissoa guernei
Metazoa,Mollusca,Gastropoda,Neogastropoda,Columbellidae,Mitrella,Mitrella moleculina,Mitrella moleculina
Metazoa,Mollusca,Gastropoda,Littorinimorpha,Rissoidae,Rissoa,Rissoa guernei,Rissoa guernei
Metazoa,Mollusca,Gastropoda,Unknown,Ancylidae,Burnupia,Burnupia sp. UGSB 25228,Burnupia sp. UGSB 25228
Metazoa,Mollusca,Gastropoda,Unknown,Limapontiidae,Limapontia,Limapontia capitata,Limapontia capitata
Metazoa,Mollusca,Gastropoda,Siphonariida,Siphonariidae,Siphonaria,Siphonaria pectinata,Siphonaria pectinata
Metazoa,Mollusca,Gastropoda,Littorinimorpha,Assimineidae,Assiminea,Assiminea grayana,Assiminea grayana
Metazoa,Arthropoda,Diplopoda,Glomerida,Glomeridae,Hyleoglomeris,Hyleoglomeris sp.,Hyleoglomeris sp.
Metazoa,Mollusca,Gastropoda,Unknown,Planorbidae,Glyptophysa,Glyptophysa sp. 11 PGA-2018,Glyptophysa sp. 11 PGA-2018
Metazoa,Mollusca,Gastropoda,Littorinimorpha,Atlantidae,Atlanta,Atlanta ariejansseni,Atlanta ariejansseni
Metazoa,Mollusca,Gastropoda,Littorinimorpha,Lacunidae,Lacuna,Lacuna vincta,Lacuna vincta
Metazoa,Mollusca,Gastropoda,Unknown,Limapontiidae,Placida,Placida dendritica,Placida dendritica
Metazoa,Mollusca,Gastropoda,Littorinimorpha,Lacunidae,Lacuna,Lacuna vincta,Lacuna vincta
Metazoa,Mollusca,Gastropoda,Littorinimorpha,Hydrobiidae,Peringia,Peringia ulvae,Peringia ulvae
Metazoa,Mollusca,Gastropoda,Unknown,Physidae,Stenophysa,Stenophysa marmorata,Stenophysa marmorata
Metazoa,Mollusca,Gastropoda,Unknown,Limapontiidae,Ercolania,Ercolania sp. KH-2011,Ercolania sp. KH-2011
Metazoa,Mollusca,Gastropoda,Neogastropoda,Buccinidae,Antarctoneptunea,Antarctoneptunea aurora,Antarctoneptunea aurora
Metazoa,Mollusca,Gastropoda,Nudibranchia,Dotidae,Doto,Doto coronata,Doto coronata
Metazoa,Arthropoda,Diplopoda,Polydesmida,Paradoxosomatidae,Antichiropus,Antichiropus sp. DIP147,Antichiropus sp. DIP147
Metazoa,Mollusca,Gastropoda,Neogastropoda,Columbellidae,Mitrella,Mitrella moleculina,Mitrella moleculina
Metazoa,Mollusca,Gastropoda,Nudibranchia,Dotidae,Doto,Doto coronata,Doto coronata
Metazoa,Mollusca,Gastropoda,Unknown,Limapontiidae,Placida,Placida dendritica,Placida dendritica
Metazoa,Mollusca,Gastropoda,Neogastropoda,Columbellidae,Mitrella,Mitrella moleculina,Mitrella moleculina
Metazoa,Mollusca,Gastropoda,Unknown,Planorbidae,Segmentina,Segmentina nitida,Segmentina nitida
Metazoa,Mollusca,Gastropoda,Stylommatophora,Charopidae,Therasia,Therasia thaisa,Therasia thaisa
Metazoa,Mollusca,Gastropoda,Cycloneritida,Neritidae,Neritina,Neritina canalis,Neritina canalis
Metazoa,Mollusca,Gastropoda,Littorinimorpha,Cassidae,Sconsia,Sconsia sp. MNHN-IM-2013-61442,Sconsia sp. MNHN-IM-2013-61442
Metazoa,Mollusca,Gastropoda,Unknown,Planorbidae,Bulinus,Bulinus nasutus,Bulinus nasutus
Metazoa,Mollusca,Gastropoda,Unknown,Limapontiidae,Ercolania,Ercolania sp. KH-2011,Ercolania sp. KH-2011
Metazoa,Arthropoda,Diplopoda,Glomerida,Glomeridae,Hyleoglomeris,Hyleoglomeris sp.,Hyleoglomeris sp.
Metazoa,Mollusca,Gastropoda,Unknown,Valvatidae,Megalovalvata,Megalovalvata piligera,Megalovalvata piligera
Metazoa,Nematoda,Chromadorea,Chromadorida,Chromadoridae,Unknown,Chromadoridae sp. 09PROBE-01551,Chromadoridae sp. 09PROBE-01551
Metazoa,Nematoda,Chromadorea,Rhabditida,Aphelenchoididae,Bursaphelenchus,Bursaphelenchus cocophilus,Bursaphelenchus cocophilus
Metazoa,Nemertea,Enopla,Monostilifera,Unknown,Unknown,Monostilifera sp.,Monostilifera sp.
Metazoa,Nemertea,Enopla,Monostilifera,Unknown,Unknown,Monostilifera sp.,Monostilifera sp.
Metazoa,Nemertea,Enopla,Monostilifera,Unknown,Unknown,Monostilifera sp.,Monostilifera sp.
Metazoa,Nemertea,Enopla,Monostilifera,Unknown,Unknown,Monostilifera sp.,Monostilifera sp.
Metazoa,Nemertea,Enopla,Monostilifera,Unknown,Unknown,Monostilifera sp.,Monostilifera sp.
Metazoa,Nemertea,Enopla,Monostilifera,Unknown,Unknown,Monostilifera sp.,Monostilifera sp.
Metazoa,Nemertea,Enopla,Monostilifera,Prosorhochmidae,Prosadenoporus,Prosadenoporus floridensis,Prosadenoporus floridensis
Metazoa,Arthropoda,Hexanauplia,Calanoida,Paracalanidae,Paracalanus,Paracalanus parvus,Paracalanus parvus
Metazoa,Nemertea,Enopla,Monostilifera,Unknown,Unknown,Monostilifera sp.,Monostilifera sp.
Metazoa,Platyhelminthes,Rhabditophora,Macrostomida,Microstomidae,Microstomum,Microstomum compositum,Microstomum compositum
Metazoa,Porifera,Demospongiae,Tetractinellida,Thoosidae,Thoosa,Thoosa mismalolli,Thoosa mismalolli
Metazoa,Porifera,Demospongiae,Spongillida,Metaniidae,Corvomeyenia,Corvomeyenia everetti,Corvomeyenia everetti
Metazoa,Porifera,Demospongiae,Bubarida,Dictyonellidae,Scopalina,Scopalina ruetzleri,Scopalina ruetzleri
Metazoa,Porifera,Demospongiae,Axinellida,Raspailiidae,Echinodictyum,Echinodictyum mesenterinum,Echinodictyum mesenterinum
Metazoa,Porifera,Demospongiae,Poecilosclerida,Hymedesmiidae,Hymedesmia,Hymedesmia hibernica,Hymedesmia hibernica
Metazoa,Porifera,Demospongiae,Bubarida,Dictyonellidae,Svenzea,Svenzea sp. 1 PRT-2020,Svenzea sp. 1 PRT-2020
Metazoa,Rotifera,Eurotatoria,Unknown,Unknown,Unknown,Monogononta sp. R35_CoastL,Monogononta sp. R35_CoastL
Metazoa,Rotifera,Eurotatoria,Ploima,Asplanchnidae,Asplanchna,Asplanchna sieboldii,Asplanchna sieboldii
Metazoa,Arthropoda,Hexanauplia,Calanoida,Temoridae,Temora,Temora sp.,Temora sp.
Metazoa,Rotifera,Eurotatoria,Ploima,Synchaetidae,Synchaeta,Synchaeta vorax,Synchaeta vorax
Metazoa,Rotifera,Eurotatoria,Ploima,Brachionidae,Euchlanis,Euchlanis dilatata,Euchlanis dilatata
Metazoa,Rotifera,Eurotatoria,Ploima,Asplanchnidae,Asplanchna,Asplanchna sieboldii,Asplanchna sieboldii
Metazoa,Rotifera,Eurotatoria,Ploima,Asplanchnidae,Asplanchna,Asplanchna sieboldii,Asplanchna sieboldii
Metazoa,Rotifera,Eurotatoria,Ploima,Synchaetidae,Polyarthra,Polyarthra major,Polyarthra major
Metazoa,Rotifera,Eurotatoria,Ploima,Lepadellidae,Lepadella,Lepadella cf. quadricarinata AGROT318-10,Lepadella cf. quadricarinata AGROT318-10
Metazoa,Rotifera,Eurotatoria,Ploima,Asplanchnidae,Asplanchna,Asplanchna sieboldii,Asplanchna sieboldii
Metazoa,Rotifera,Eurotatoria,Ploima,Brachionidae,Euchlanis,Euchlanis dilatata,Euchlanis dilatata
Metazoa,Rotifera,Eurotatoria,Ploima,Synchaetidae,Synchaeta,Synchaeta vorax,Synchaeta vorax
Metazoa,Rotifera,Eurotatoria,Ploima,Trichocercidae,Trichocerca,Trichocerca capucina,Trichocerca capucina
Metazoa,Annelida,Clitellata,Tubificida,Naididae,Tubificoides,Tubificoides sp. CED,Tubificoides sp. CED
Metazoa,Arthropoda,Hexanauplia,Calanoida,Clausocalanidae,Pseudocalanus,Pseudocalanus elongatus,Pseudocalanus elongatus
Metazoa,Rotifera,Eurotatoria,Ploima,Brachionidae,Platyias,Platyias quadricornis,Platyias quadricornis
Metazoa,Rotifera,Eurotatoria,Ploima,Brachionidae,Euchlanis,Euchlanis dilatata,Euchlanis dilatata
Metazoa,Rotifera,Eurotatoria,Ploima,Brachionidae,Euchlanis,Euchlanis dilatata,Euchlanis dilatata
Metazoa,Rotifera,Eurotatoria,Ploima,Euchlanidae,Tripleuchlanis,Tripleuchlanis plicata,Tripleuchlanis plicata
Metazoa,Rotifera,Eurotatoria,Unknown,Unknown,Unknown,Monogononta sp. R35_CoastL,Monogononta sp. R35_CoastL
Metazoa,Rotifera,Eurotatoria,Ploima,Synchaetidae,Polyarthra,Polyarthra dolichoptera complex sp. UO-2013,Polyarthra dolichoptera complex sp. UO-2013
Metazoa,Rotifera,Eurotatoria,Ploima,Euchlanidae,Tripleuchlanis,Tripleuchlanis plicata,Tripleuchlanis plicata
Metazoa,Rotifera,Eurotatoria,Unknown,Unknown,Unknown,Monogononta sp. R35_CoastL,Monogononta sp. R35_CoastL
Metazoa,Rotifera,Eurotatoria,Ploima,Asplanchnidae,Asplanchna,Asplanchna sieboldii,Asplanchna sieboldii
Metazoa,Rotifera,Eurotatoria,Ploima,Brachionidae,Brachionus,Brachionus rubens,Brachionus rubens
Metazoa,Arthropoda,Hexanauplia,Harpacticoida,Peltidiidae,Unknown,Peltidiidae sp. 10PROBE-19037,Peltidiidae sp. 10PROBE-19037
Metazoa,Unknown,Unknown,Unknown,Unknown,Unknown,invertebrate environmental sample,invertebrate environmental sample
Metazoa,Unknown,Unknown,Unknown,Unknown,Unknown,invertebrate environmental sample,invertebrate environmental sample
Metazoa,Unknown,Unknown,Unknown,Unknown,Unknown,invertebrate environmental sample,invertebrate environmental sample
Metazoa,Unknown,Unknown,Unknown,Unknown,Unknown,invertebrate environmental sample,invertebrate environmental sample
Metazoa,Unknown,Unknown,Unknown,Unknown,Unknown,invertebrate environmental sample,invertebrate environmental sample
Metazoa,Unknown,Unknown,Unknown,Unknown,Unknown,invertebrate environmental sample,invertebrate environmental sample
Metazoa,Unknown,Unknown,Unknown,Unknown,Unknown,invertebrate environmental sample,invertebrate environmental sample
Metazoa,Unknown,Unknown,Unknown,Unknown,Unknown,invertebrate environmental sample,invertebrate environmental sample
Metazoa,Unknown,Unknown,Unknown,Unknown,Unknown,invertebrate environmental sample,invertebrate environmental sample
Metazoa,Unknown,Unknown,Unknown,Unknown,Unknown,invertebrate environmental sample,invertebrate environmental sample
Metazoa,Arthropoda,Hexanauplia,Calanoida,Temoridae,Temora,Temora sp.,Temora sp.
Metazoa,Unknown,Unknown,Unknown,Unknown,Unknown,invertebrate environmental sample,invertebrate environmental sample
Metazoa,Unknown,Unknown,Unknown,Unknown,Unknown,invertebrate environmental sample,invertebrate environmental sample
Metazoa,Unknown,Unknown,Unknown,Unknown,Unknown,invertebrate environmental sample,invertebrate environmental sample
Metazoa,Unknown,Unknown,Unknown,Unknown,Unknown,invertebrate environmental sample,invertebrate environmental sample
Metazoa,Unknown,Unknown,Unknown,Unknown,Unknown,invertebrate environmental sample,invertebrate environmental sample
Metazoa,Unknown,Unknown,Unknown,Unknown,Unknown,invertebrate environmental sample,invertebrate environmental sample
Metazoa,Unknown,Unknown,Unknown,Unknown,Unknown,invertebrate environmental sample,invertebrate environmental sample
Metazoa,Unknown,Unknown,Unknown,Unknown,Unknown,invertebrate environmental sample,invertebrate environmental sample
Metazoa,Unknown,Unknown,Unknown,Unknown,Unknown,invertebrate environmental sample,invertebrate environmental sample
Metazoa,Unknown,Unknown,Unknown,Unknown,Unknown,invertebrate environmental sample,invertebrate environmental sample
Metazoa,Arthropoda,Hexanauplia,Calanoida,Temoridae,Temora,Temora sp.,Temora sp.
Metazoa,Unknown,Unknown,Unknown,Unknown,Unknown,invertebrate environmental sample,invertebrate environmental sample
Metazoa,Unknown,Unknown,Unknown,Unknown,Unknown,invertebrate environmental sample,invertebrate environmental sample
Metazoa,Unknown,Unknown,Unknown,Unknown,Unknown,invertebrate environmental sample,invertebrate environmental sample
Metazoa,Unknown,Unknown,Unknown,Unknown,Unknown,invertebrate environmental sample,invertebrate environmental sample
Metazoa,Unknown,Unknown,Unknown,Unknown,Unknown,invertebrate environmental sample,invertebrate environmental sample
Metazoa,Unknown,Unknown,Unknown,Unknown,Unknown,invertebrate environmental sample,invertebrate environmental sample
Metazoa,Unknown,Unknown,Unknown,Unknown,Unknown,invertebrate environmental sample,invertebrate environmental sample
Metazoa,Unknown,Unknown,Unknown,Unknown,Unknown,invertebrate environmental sample,invertebrate environmental sample
Metazoa,Unknown,Unknown,Unknown,Unknown,Unknown,invertebrate environmental sample,invertebrate environmental sample
Metazoa,Unknown,Unknown,Unknown,Unknown,Unknown,invertebrate environmental sample,invertebrate environmental sample
Metazoa,Arthropoda,Hexanauplia,Calanoida,Temoridae,Temora,Temora sp.,Temora sp.
Metazoa,Unknown,Unknown,Unknown,Unknown,Unknown,invertebrate environmental sample,invertebrate environmental sample
Metazoa,Unknown,Unknown,Unknown,Unknown,Unknown,invertebrate environmental sample,invertebrate environmental sample
Metazoa,Unknown,Unknown,Unknown,Unknown,Unknown,invertebrate environmental sample,invertebrate environmental sample
Metazoa,Unknown,Unknown,Unknown,Unknown,Unknown,invertebrate environmental sample,invertebrate environmental sample
Metazoa,Unknown,Unknown,Unknown,Unknown,Unknown,invertebrate environmental sample,invertebrate environmental sample
Metazoa,Unknown,Unknown,Unknown,Unknown,Unknown,invertebrate environmental sample,invertebrate environmental sample
Metazoa,Unknown,Unknown,Unknown,Unknown,Unknown,invertebrate environmental sample,invertebrate environmental sample
Metazoa,Unknown,Unknown,Unknown,Unknown,Unknown,invertebrate environmental sample,invertebrate environmental sample
Metazoa,Unknown,Unknown,Unknown,Unknown,Unknown,invertebrate environmental sample,invertebrate environmental sample
Metazoa,Unknown,Unknown,Unknown,Unknown,Unknown,invertebrate environmental sample,invertebrate environmental sample
Metazoa,Arthropoda,Hexanauplia,Calanoida,Paracalanidae,Paracalanus,Paracalanus parvus,Paracalanus parvus
Metazoa,Arthropoda,Hexanauplia,Calanoida,Temoridae,Temora,Temora sp.,Temora sp.
Metazoa,Arthropoda,Hexanauplia,Harpacticoida,Harpacticidae,Harpacticus,Harpacticus flexus,Harpacticus flexus
Metazoa,Arthropoda,Hexanauplia,Harpacticoida,Ectinosomatidae,Unknown,Ectinosomatidae sp. SR-2019,Ectinosomatidae sp. SR-2019
Metazoa,Arthropoda,Hexanauplia,Cyclopoida,Oithonidae,Oithona,Oithona nana,Oithona nana
Metazoa,Annelida,Clitellata,Tubificida,Naididae,Tubificoides,Tubificoides benedii,Tubificoides benedii
Metazoa,Arthropoda,Hexanauplia,Calanoida,Paracalanidae,Paracalanus,Paracalanus parvus,Paracalanus parvus
Metazoa,Arthropoda,Hexanauplia,Harpacticoida,Harpacticidae,Harpacticus,Harpacticus flexus,Harpacticus flexus
Metazoa,Arthropoda,Hexanauplia,Calanoida,Paracalanidae,Paracalanus,Paracalanus parvus,Paracalanus parvus
Metazoa,Arthropoda,Hexanauplia,Calanoida,Paracalanidae,Paracalanus,Paracalanus parvus,Paracalanus parvus
Metazoa,Arthropoda,Hexanauplia,Calanoida,Centropagidae,Centropages,Centropages hamatus,Centropages hamatus
Metazoa,Arthropoda,Hexanauplia,Calanoida,Paracalanidae,Paracalanus,Paracalanus parvus,Paracalanus parvus
Metazoa,Arthropoda,Hexanauplia,Calanoida,Paracalanidae,Paracalanus,Paracalanus parvus,Paracalanus parvus
Metazoa,Arthropoda,Hexanauplia,Calanoida,Paracalanidae,Paracalanus,Paracalanus parvus,Paracalanus parvus
Metazoa,Arthropoda,Hexanauplia,Calanoida,Temoridae,Temora,Temora sp.,Temora sp.
Metazoa,Arthropoda,Hexanauplia,Calanoida,Temoridae,Temora,Temora sp.,Temora sp.
Metazoa,Annelida,Clitellata,Crassiclitellata,Hormogastridae,Hormogaster,Hormogaster redii,Hormogaster redii
Metazoa,Arthropoda,Hexanauplia,Calanoida,Temoridae,Temora,Temora sp.,Temora sp.
Metazoa,Arthropoda,Hexanauplia,Calanoida,Euchaetidae,Paraeuchaeta,Paraeuchaeta sp. KJ753,Paraeuchaeta sp. KJ753
Metazoa,Arthropoda,Malacostraca,Amphipoda,Ischyroceridae,Jassa,Jassa herdmani,Jassa herdmani
Metazoa,Arthropoda,Malacostraca,Amphipoda,Ischyroceridae,Jassa,Jassa herdmani,Jassa herdmani
Metazoa,Arthropoda,Malacostraca,Amphipoda,Ischyroceridae,Jassa,Jassa herdmani,Jassa herdmani
Metazoa,Arthropoda,Malacostraca,Amphipoda,Ischyroceridae,Jassa,Jassa herdmani,Jassa herdmani
Metazoa,Arthropoda,Malacostraca,Amphipoda,Ischyroceridae,Jassa,Jassa herdmani,Jassa herdmani
Metazoa,Arthropoda,Malacostraca,Amphipoda,Ischyroceridae,Jassa,Jassa herdmani,Jassa herdmani
Metazoa,Arthropoda,Malacostraca,Amphipoda,Niphargidae,Niphargus,Niphargus arbiter,Niphargus arbiter
Metazoa,Arthropoda,Malacostraca,Amphipoda,Ischyroceridae,Jassa,Jassa herdmani,Jassa herdmani
Metazoa,Annelida,Clitellata,Enchytraeida,Enchytraeidae,Enchytraeus,Enchytraeus doerjesi,Enchytraeus doerjesi
Metazoa,Arthropoda,Malacostraca,Amphipoda,Aoridae,Aora,Aora gracilis,Aora gracilis
Metazoa,Arthropoda,Malacostraca,Decapoda,Unknown,Unknown,Caridea sp. LPdivOTU7,Caridea sp. LPdivOTU7
Metazoa,Arthropoda,Malacostraca,Decapoda,Paguridae,Pagurus,Pagurus longicarpus,Pagurus longicarpus
Metazoa,Arthropoda,Protura,Unknown,Fujientomidae,Fujientomon,Fujientomon dicestum,Fujientomon dicestum
Metazoa,Arthropoda,Thecostraca,Balanomorpha,Balanidae,Semibalanus,Semibalanus balanoides,Semibalanus balanoides
Metazoa,Arthropoda,Thecostraca,Balanomorpha,Balanidae,Balanus,Balanus crenatus,Balanus crenatus
Metazoa,Arthropoda,Thecostraca,Balanomorpha,Balanidae,Balanus,Balanus balanus,Balanus balanus
Metazoa,Arthropoda,Thecostraca,Balanomorpha,Balanidae,Balanus,Balanus crenatus,Balanus crenatus
Metazoa,Arthropoda,Thecostraca,Balanomorpha,Balanidae,Semibalanus,Semibalanus balanoides,Semibalanus balanoides
Metazoa,Arthropoda,Thecostraca,Balanomorpha,Balanidae,Semibalanus,Semibalanus balanoides,Semibalanus balanoides
Metazoa,Annelida,Clitellata,Enchytraeida,Enchytraeidae,Enchytraeus,Enchytraeus albidus,Enchytraeus albidus
Metazoa,Arthropoda,Thecostraca,Balanomorpha,Balanidae,Semibalanus,Semibalanus balanoides,Semibalanus balanoides
Metazoa,Arthropoda,Thecostraca,Balanomorpha,Balanidae,Semibalanus,Semibalanus balanoides,Semibalanus balanoides
Metazoa,Arthropoda,Thecostraca,Balanomorpha,Balanidae,Semibalanus,Semibalanus balanoides,Semibalanus balanoides
Metazoa,Arthropoda,Thecostraca,Balanomorpha,Balanidae,Semibalanus,Semibalanus balanoides,Semibalanus balanoides
Metazoa,Arthropoda,Thecostraca,Balanomorpha,Balanidae,Semibalanus,Semibalanus balanoides,Semibalanus balanoides
Metazoa,Arthropoda,Thecostraca,Balanomorpha,Balanidae,Semibalanus,Semibalanus balanoides,Semibalanus balanoides
Metazoa,Arthropoda,Thecostraca,Balanomorpha,Balanidae,Semibalanus,Semibalanus balanoides,Semibalanus balanoides
Metazoa,Arthropoda,Thecostraca,Balanomorpha,Balanidae,Semibalanus,Semibalanus balanoides,Semibalanus balanoides
Metazoa,Arthropoda,Thecostraca,Balanomorpha,Balanidae,Semibalanus,Semibalanus balanoides,Semibalanus balanoides
Metazoa,Arthropoda,Thecostraca,Balanomorpha,Balanidae,Semibalanus,Semibalanus balanoides,Semibalanus balanoides
Metazoa,Annelida,Clitellata,Enchytraeida,Enchytraeidae,Cernosvitoviella,Cernosvitoviella minor,Cernosvitoviella minor
Metazoa,Arthropoda,Thecostraca,Balanomorpha,Balanidae,Semibalanus,Semibalanus balanoides,Semibalanus balanoides
Metazoa,Arthropoda,Thecostraca,Balanomorpha,Balanidae,Semibalanus,Semibalanus balanoides,Semibalanus balanoides
Metazoa,Arthropoda,Thecostraca,Balanomorpha,Balanidae,Balanus,Balanus crenatus,Balanus crenatus
Metazoa,Arthropoda,Thecostraca,Balanomorpha,Balanidae,Semibalanus,Semibalanus balanoides,Semibalanus balanoides
Metazoa,Arthropoda,Thecostraca,Balanomorpha,Balanidae,Semibalanus,Semibalanus balanoides,Semibalanus balanoides
Metazoa,Arthropoda,Thecostraca,Balanomorpha,Balanidae,Semibalanus,Semibalanus balanoides,Semibalanus balanoides
Metazoa,Arthropoda,Thecostraca,Balanomorpha,Balanidae,Semibalanus,Semibalanus balanoides,Semibalanus balanoides
Metazoa,Arthropoda,Thecostraca,Balanomorpha,Balanidae,Semibalanus,Semibalanus balanoides,Semibalanus balanoides
Metazoa,Arthropoda,Thecostraca,Balanomorpha,Balanidae,Semibalanus,Semibalanus balanoides,Semibalanus balanoides
Metazoa,Arthropoda,Thecostraca,Balanomorpha,Balanidae,Semibalanus,Semibalanus balanoides,Semibalanus balanoides
Metazoa,Annelida,Clitellata,Enchytraeida,Enchytraeidae,Cernosvitoviella,Cernosvitoviella pusilla,Cernosvitoviella pusilla
Metazoa,Arthropoda,Unknown,Unknown,Unknown,Unknown,Crustacea environmental sample,Crustacea environmental sample
Metazoa,Bryozoa,Gymnolaemata,Cheilostomatida,Hippothoidae,Celleporella,Celleporella hyalina,Celleporella hyalina
Metazoa,Bryozoa,Gymnolaemata,Cheilostomatida,Electridae,Electra,Electra pilosa,Electra pilosa
Metazoa,Bryozoa,Gymnolaemata,Cheilostomatida,Electridae,Electra,Electra pilosa,Electra pilosa
Metazoa,Bryozoa,Gymnolaemata,Cheilostomatida,Hippothoidae,Celleporella,Celleporella hyalina,Celleporella hyalina
Metazoa,Bryozoa,Gymnolaemata,Cheilostomatida,Electridae,Electra,Electra pilosa,Electra pilosa
Metazoa,Bryozoa,Gymnolaemata,Cheilostomatida,Electridae,Electra,Electra pilosa,Electra pilosa
Metazoa,Chaetognatha,Sagittoidea,Aphragmophora,Sagittidae,Parasagitta,Parasagitta setosa,Parasagitta setosa
Metazoa,Chaetognatha,Unknown,Unknown,Unknown,Unknown,Chaetognatha environmental sample,Chaetognatha environmental sample
